date,description,amount,type
01-02-2026,ELECTRICITY BILL BSES,-1184.23,debit
02-02-2026,SALARY CREDIT - ACME CORP,36113.31,credit
03-02-2026,ZOMATO ORDER #7201,-453.62,debit
04-02-2026,DMART RETAIL PURCHASE,-659.69,debit
05-02-2026,RENT PAYMENT TO LANDLORD,-9000.0,debit
05-02-2026,MOBILE RECHARGE JIO,-358.65,debit
05-02-2026,GYM MEMBERSHIP FITCLUB,-1200.0,debit
05-02-2026,HOME APPLIANCE - RELIANCE DIGITAL,-15297.6,debit
06-02-2026,SALON GROOMING,-744.22,debit
06-02-2026,FLIPKART ORDER,-1944.26,debit
07-02-2026,DMART RETAIL PURCHASE,-2235.23,debit
08-02-2026,MOVIE TICKETS PVR,-1057.44,debit
09-02-2026,BROADBAND BILL ACT FIBERNET,-799.0,debit
09-02-2026,ZOMATO ORDER #7227,-399.38,debit
11-02-2026,PHARMACY APOLLO,-441.76,debit
13-02-2026,MOVIE TICKETS PVR,-614.19,debit
19-02-2026,SALON GROOMING,-530.75,debit
20-02-2026,STARBUCKS COFFEE,-472.24,debit
22-02-2026,ZOMATO ORDER #1750,-275.34,debit
22-02-2026,UBER TRIP 4598,-213.5,debit
23-02-2026,DMART RETAIL PURCHASE,-3022.63,debit
24-02-2026,UBER TRIP 1711,-260.8,debit
27-02-2026,INTEREST CREDIT SAVINGS A/C,307.76,credit
28-02-2026,ZOMATO ORDER #6881,-339.18,debit
28-02-2026,UBER TRIP 2307,-181.48,debit
01-03-2026,SALARY CREDIT - ACME CORP,42449.89,credit
01-03-2026,MOBILE RECHARGE JIO,-557.33,debit
01-03-2026,BIGBASKET GROCERY,-2698.4,debit
03-03-2026,NETFLIX SUBSCRIPTION,-528.36,debit
04-03-2026,ELECTRICITY BILL BSES,-1562.38,debit
04-03-2026,BROADBAND BILL ACT FIBERNET,-799.0,debit
04-03-2026,STARBUCKS COFFEE,-352.73,debit
08-03-2026,SALON GROOMING,-369.51,debit
08-03-2026,AMAZON.IN PURCHASE,-1242.95,debit
09-03-2026,FLIPKART ORDER,-2170.0,debit
12-03-2026,RENT PAYMENT TO LANDLORD,-9000.0,debit
12-03-2026,GYM MEMBERSHIP FITCLUB,-1200.0,debit
15-03-2026,STARBUCKS COFFEE,-564.86,debit
17-03-2026,NETFLIX SUBSCRIPTION,-312.14,debit
17-03-2026,PHARMACY APOLLO,-950.06,debit
18-03-2026,OLA CAB 3646,-385.58,debit
19-03-2026,OLA CAB 1344,-261.72,debit
20-03-2026,SALON GROOMING,-538.69,debit
20-03-2026,FLIPKART ORDER,-1467.66,debit
22-03-2026,FLIPKART ORDER,-2836.21,debit
22-03-2026,BIGBASKET GROCERY,-1645.62,debit
23-03-2026,FLIPKART ORDER,-1424.73,debit
25-03-2026,STARBUCKS COFFEE,-343.39,debit
25-03-2026,SALON GROOMING,-939.25,debit
28-03-2026,FLIPKART ORDER,-2506.91,debit
30-03-2026,SWIGGY ORDER #2832,-331.49,debit
31-03-2026,NETFLIX SUBSCRIPTION,-294.31,debit
01-04-2026,SALARY CREDIT - ACME CORP,35709.93,credit
02-04-2026,STARBUCKS COFFEE,-390.92,debit
02-04-2026,FLIPKART ORDER,-2599.55,debit
02-04-2026,SWIGGY ORDER #6138,-175.07,debit
03-04-2026,FLIPKART ORDER,-3545.89,debit
05-04-2026,RENT PAYMENT TO LANDLORD,-9000.0,debit
05-04-2026,FLIPKART ORDER,-1804.91,debit
05-04-2026,PHARMACY APOLLO,-349.39,debit
06-04-2026,SALON GROOMING,-787.7,debit
08-04-2026,OLA CAB 2790,-149.39,debit
08-04-2026,UBER TRIP 8579,-406.07,debit
09-04-2026,ELECTRICITY BILL BSES,-1601.0,debit
09-04-2026,MOBILE RECHARGE JIO,-534.39,debit
09-04-2026,BROADBAND BILL ACT FIBERNET,-799.0,debit
10-04-2026,GYM MEMBERSHIP FITCLUB,-1200.0,debit
13-04-2026,SWIGGY ORDER #3697,-151.08,debit
13-04-2026,SALON GROOMING,-443.86,debit
14-04-2026,AMAZON.IN PURCHASE,-3225.38,debit
14-04-2026,NETFLIX SUBSCRIPTION,-494.82,debit
17-04-2026,BIGBASKET GROCERY,-776.25,debit
19-04-2026,DMART RETAIL PURCHASE,-2460.06,debit
19-04-2026,NETFLIX SUBSCRIPTION,-466.53,debit
20-04-2026,BIGBASKET GROCERY,-749.51,debit
22-04-2026,SALON GROOMING,-1084.15,debit
26-04-2026,INTEREST CREDIT SAVINGS A/C,350.87,credit
26-04-2026,ZOMATO ORDER #8260,-623.74,debit
28-04-2026,AMAZON.IN PURCHASE,-1983.77,debit
30-04-2026,PETROL PUMP HP 5345,-1284.07,debit
30-04-2026,AMAZON.IN PURCHASE,-3881.28,debit
01-05-2026,SALARY CREDIT - ACME CORP,44347.06,credit
01-05-2026,ELECTRICITY BILL BSES,-1495.77,debit
01-05-2026,MOBILE RECHARGE JIO,-460.29,debit
01-05-2026,MOVIE TICKETS PVR,-934.29,debit
02-05-2026,GYM MEMBERSHIP FITCLUB,-1200.0,debit
02-05-2026,SALON GROOMING,-304.25,debit
03-05-2026,SALON GROOMING,-1061.14,debit
04-05-2026,BIGBASKET GROCERY,-2557.37,debit
04-05-2026,FLIPKART ORDER,-608.67,debit
06-05-2026,BROADBAND BILL ACT FIBERNET,-799.0,debit
07-05-2026,DMART RETAIL PURCHASE,-2324.99,debit
08-05-2026,RENT PAYMENT TO LANDLORD,-9000.0,debit
09-05-2026,PHARMACY APOLLO,-445.84,debit
14-05-2026,OLA CAB 3426,-129.51,debit
17-05-2026,SALON GROOMING,-886.24,debit
18-05-2026,BIGBASKET GROCERY,-2152.47,debit
18-05-2026,PHARMACY APOLLO,-187.83,debit
21-05-2026,MOVIE TICKETS PVR,-1183.84,debit
22-05-2026,STARBUCKS COFFEE,-285.98,debit
23-05-2026,FREELANCE PAYMENT - UPWORK,5827.65,credit
23-05-2026,AMAZON.IN PURCHASE,-1569.87,debit
27-05-2026,INTEREST CREDIT SAVINGS A/C,285.09,credit
29-05-2026,UBER TRIP 6974,-426.58,debit
29-05-2026,SALON GROOMING,-729.37,debit
30-05-2026,FLIPKART ORDER,-2638.35,debit
01-06-2026,SALARY CREDIT - ACME CORP,44738.37,credit
01-06-2026,DMART RETAIL PURCHASE,-2248.09,debit
02-06-2026,DMART RETAIL PURCHASE,-2384.6,debit
04-06-2026,RENT PAYMENT TO LANDLORD,-9000.0,debit
04-06-2026,GYM MEMBERSHIP FITCLUB,-1200.0,debit
04-06-2026,UBER TRIP 1626,-308.8,debit
05-06-2026,BROADBAND BILL ACT FIBERNET,-799.0,debit
06-06-2026,ELECTRICITY BILL BSES,-932.22,debit
06-06-2026,ZOMATO ORDER #5279,-469.32,debit
08-06-2026,MOBILE RECHARGE JIO,-539.67,debit
09-06-2026,PETROL PUMP HP 6378,-1364.35,debit
10-06-2026,SWIGGY ORDER #5978,-255.09,debit
11-06-2026,PETROL PUMP HP 9785,-1439.24,debit
12-06-2026,MOVIE TICKETS PVR,-913.19,debit
12-06-2026,STARBUCKS COFFEE,-400.95,debit
13-06-2026,FLIPKART ORDER,-3453.19,debit
13-06-2026,BIGBASKET GROCERY,-1805.46,debit
14-06-2026,OLA CAB 6139,-277.92,debit
15-06-2026,MOVIE TICKETS PVR,-753.43,debit
17-06-2026,STARBUCKS COFFEE,-415.62,debit
18-06-2026,PETROL PUMP HP 5844,-627.29,debit
20-06-2026,STARBUCKS COFFEE,-359.87,debit
22-06-2026,FLIPKART ORDER,-1758.36,debit
22-06-2026,PETROL PUMP HP 7211,-1248.13,debit
24-06-2026,SALON GROOMING,-1380.06,debit
27-06-2026,DMART RETAIL PURCHASE,-2971.67,debit
27-06-2026,OLA CAB 6000,-336.56,debit
30-06-2026,SWIGGY ORDER #9518,-553.26,debit
02-07-2026,SALARY CREDIT - ACME CORP,36696.91,credit
03-07-2026,OLA CAB 9849,-132.9,debit
04-07-2026,ELECTRICITY BILL BSES,-931.75,debit
04-07-2026,BROADBAND BILL ACT FIBERNET,-799.0,debit
05-07-2026,RENT PAYMENT TO LANDLORD,-9000.0,debit
06-07-2026,MOBILE RECHARGE JIO,-482.38,debit
06-07-2026,GYM MEMBERSHIP FITCLUB,-1200.0,debit
08-07-2026,PHARMACY APOLLO,-435.3,debit
09-07-2026,AMAZON.IN PURCHASE,-2146.9,debit
13-07-2026,SALON GROOMING,-1385.81,debit
14-07-2026,DMART RETAIL PURCHASE,-1541.28,debit
14-07-2026,FLIPKART ORDER,-563.88,debit
15-07-2026,BIGBASKET GROCERY,-710.48,debit
15-07-2026,DMART RETAIL PURCHASE,-773.35,debit
17-07-2026,FREELANCE PAYMENT - UPWORK,8974.68,credit
18-07-2026,AMAZON.IN PURCHASE,-2800.5,debit
20-07-2026,MOVIE TICKETS PVR,-1052.01,debit
23-07-2026,DMART RETAIL PURCHASE,-827.85,debit
24-07-2026,AMAZON.IN PURCHASE,-3918.14,debit
25-07-2026,MOVIE TICKETS PVR,-740.12,debit
25-07-2026,AMAZON.IN PURCHASE,-1337.65,debit
25-07-2026,STARBUCKS COFFEE,-522.19,debit
26-07-2026,INTEREST CREDIT SAVINGS A/C,336.45,credit
27-07-2026,FLIPKART ORDER,-3478.56,debit
28-07-2026,NETFLIX SUBSCRIPTION,-595.3,debit
29-07-2026,BIGBASKET GROCERY,-2252.12,debit